Code,Longitude,Latitude
A0A,47.5083652,-53.09012303
A0B,47.46120287,-53.57098206
A0C,48.40595513,-53.71830874
A0E,47.50073098,-55.06440217
A0G,49.17063664,-54.2659797
A0H,48.29197825,-55.77266292
A0J,49.39517561,-56.01490117
A0K,50.67781897,-56.60992511
A0L,48.95835065,-57.96128511
A0M,47.74311445,-58.56243522
A0N,48.15701088,-58.62805812
A0P,54.4357143,-60.14082091
A0R,53.21633473,-65.43886708
A1A,47.59511669,-52.7100316
A1B,47.57003115,-52.74441002
A1C,47.56454097,-52.71566997
A1E,47.53889475,-52.74890195
A1G,47.50967392,-52.7573755
A1H,47.50454145,-52.80946524
A1K,47.65831759,-52.74211942
A1L,47.53847851,-52.87546698
A1M,47.6022168,-52.84777936
A1N,47.51650306,-52.80886339
A1S,47.45475113,-52.76866617
A1V,48.96059619,-54.61175746
A1W,47.5196035,-52.94237943
A1X,47.48944107,-53.01698431
A1Y,47.73169363,-53.21761535
A2A,48.93809913,-55.65012261
A2B,48.95240271,-55.66486207
A2H,48.95091088,-57.95735089
A2N,48.55121911,-58.58907934
A2V,52.93944805,-66.92064862
A5A,48.16489968,-53.96376171
A8A,49.20468745,-57.43158659
B0C,46.74230873,-60.47324968
B0E,46.04010485,-61.01432156
B0H,45.37422659,-61.58915804
B0J,44.66294883,-63.47834173
B0K,45.5840631,-62.84744223
B0L,45.74539259,-64.18890527
B0M,45.54147368,-63.96106908
B0N,45.08423765,-63.44049358
B0P,45.06744895,-64.65367814
B0R,44.45958722,-64.6205365
B0S,44.76684892,-65.32275434
B0T,43.96223505,-65.10788618
B0V,44.50853753,-65.98622644
B0W,43.89587583,-65.79875181
B1A,46.19401072,-59.96164576
B1B,46.09511982,-59.92614241
B1C,45.98164371,-59.97281731
B1E,46.18420627,-60.02022352
B1G,46.20900718,-60.02310432
B1H,46.24198868,-60.08760846
B1J,45.94889224,-60.45276152
B1K,45.97235642,-60.16222565
B1L,46.07785509,-60.25044888
B1M,46.10752208,-60.13422863
B1N,46.16421947,-60.18093411
B1P,46.13673411,-60.17787879
B1R,46.12892036,-60.22471701
B1S,46.11552513,-60.20582874
B1T,46.01371802,-60.61051172
B1V,46.23513532,-60.22505904
B1W,45.93006109,-60.64188473
B1X,46.21754558,-60.41253127
B1Y,46.23515266,-60.30967445
B2A,46.18491662,-60.27327122
B2C,45.97978216,-60.83960163
B2E,45.74995748,-60.6497377
B2G,45.61782764,-62.0092032
B2H,45.58878514,-62.64532237
B2J,45.71858634,-60.36586519
B2N,45.36381839,-63.2733378
B2R,44.76654067,-63.57958094
B2S,45.00099826,-63.51774425
B2T,44.86206542,-63.59500483
B2V,44.66159108,-63.48510808
B2W,44.67844148,-63.51162325
B2X,44.69830015,-63.54110386
B2Y,44.66815882,-63.55242115
B2Z,44.69101796,-63.43492869
B3A,44.67848438,-63.57861961
B3B,44.70326398,-63.59257077
B3E,44.72157896,-63.36117126
B3G,44.61571284,-63.46724698
B3H,44.63700415,-63.58656015
B3J,44.64624049,-63.58740554
B3K,44.66039676,-63.59961103
B3L,44.64926549,-63.61316236
B3M,44.67412475,-63.65838216
B3N,44.64812995,-63.63442183
B3P,44.6277901,-63.60973393
B3R,44.60414042,-63.6106408
B3S,44.65719453,-63.66383071
B3T,44.58871548,-63.72445686
B3V,44.53729974,-63.596756
B3Z,44.65438936,-63.86416529
B4A,44.72513536,-63.66626396
B4B,44.73775963,-63.74817042
B4C,44.76997903,-63.67428354
B4E,44.79248799,-63.7075015
B4G,44.83270432,-63.68277053
B4H,45.82910461,-64.20417623
B4N,45.07497386,-64.48190638
B4P,45.08694977,-64.36184996
B4R,45.06215508,-64.5819069
B4V,44.36706995,-64.5444761
B5A,43.84087977,-66.108112
B6L,45.30602621,-63.36616492
B9A,45.63505732,-61.3676176
C0A,46.25172042,-63.02139565
C0B,46.54891592,-63.93012188
C1A,46.24818232,-63.12967775
C1B,46.24288484,-63.11465812
C1C,46.28228748,-63.09585697
C1E,46.30182314,-63.17981972
C1N,46.40283681,-63.78589854
E1A,46.09762732,-64.73803083
E1B,46.05913652,-64.79875507
E1C,46.09761078,-64.80010173
E1E,46.07926149,-64.82065036
E1G,46.13094006,-64.8845971
E1H,46.1536709,-64.74764559
E1J,46.01052182,-64.81831236
E1K,46.10208793,-64.72450363
E1N,47.0167686,-65.4559519
E1V,47.01072538,-65.56485191
E1W,47.60704169,-64.93093202
E1X,47.48673373,-64.96993543
E2A,47.57563458,-65.68321406
E2E,45.41218146,-65.9781755
E2G,45.44363807,-65.92993898
E2H,45.34387344,-66.01648635
E2J,45.29200187,-66.00764768
E2K,45.28812669,-66.08150022
E2L,45.27284985,-66.06017803
E2M,45.25574209,-66.11364867
E2N,45.32557131,-65.93550716
E2P,45.24820736,-66.0002071
E2R,45.27510183,-66.0091605
E2S,45.36589058,-65.85191929
E2V,45.83680602,-66.46804967
E3A,45.97709274,-66.61499925
E3B,45.91551138,-66.64350837
E3C,45.90189536,-66.71616981
E3E,45.89510189,-66.8302055
E3G,46.01480603,-66.70504449
E3L,45.21044426,-67.29561291
E3N,47.96596829,-66.70416144
E3V,47.37244218,-68.33796728
E3Y,47.06198788,-67.70453632
E3Z,47.03145452,-67.7481476
E4A,46.1201823,-65.88368484
E4B,46.03881544,-66.07603886
E4C,45.86053192,-65.94049578
E4E,45.70315427,-65.46934631
E4G,45.80183428,-65.45659798
E4H,45.82241433,-64.77156676
E4J,46.01267074,-65.03865171
E4K,45.96523773,-64.54384708
E4L,45.91237656,-64.35329458
E4M,46.12287101,-64.0220514
E4N,46.20918948,-64.3509692
E4P,46.2163683,-64.48608807
E4R,46.32180101,-64.58834216
E4S,46.46630084,-64.89650066
E4T,46.42765108,-65.07576102
E4V,46.42909955,-64.7718976
E4W,46.66112692,-64.91157489
E4X,46.74764201,-65.11968946
E4Y,46.72113041,-65.37014013
E4Z,45.93502042,-65.20646273
E5A,45.26472498,-67.13893064
E5B,45.11672827,-67.01318385
E5C,45.13060589,-66.83617948
E5E,44.85007675,-66.89301238
E5G,44.70404499,-66.77548521
E5H,45.10033569,-66.70237552
E5J,45.1756458,-66.39618795
E5K,45.36368739,-66.23894818
E5L,45.66508593,-66.50957846
E5M,45.65823359,-66.4175744
E5N,45.52119057,-65.82477896
E5P,45.72740045,-65.63665806
E5R,45.38383796,-65.68123871
E5S,45.40104908,-66.0970836
E5T,45.6621611,-65.89636314
E5V,45.01489924,-66.95372564
E6A,46.3687726,-66.58412152
E6B,46.20397482,-66.67090426
E6C,46.1833782,-66.58482673
E6E,46.04986411,-67.23024598
E6G,45.9511436,-67.3444449
E6H,45.78848876,-67.48447729
E6J,45.5968313,-67.29447933
E6K,45.7636422,-66.99109788
E6L,46.04538399,-66.92479193
E7A,47.31263714,-68.56635463
E7B,47.43946243,-68.36749782
E7C,47.34700949,-68.18207015
E7E,47.19606074,-67.91118537
E7G,46.91906598,-67.49107868
E7H,46.73834204,-67.67306595
E7J,46.39333154,-67.67270535
E7K,46.45756931,-67.59351828
E7L,46.44589663,-67.5314732
E7M,46.15511769,-67.59958098
E7N,46.07481371,-67.5949521
E7P,46.31601627,-67.45087399
E8A,47.53969308,-67.39698209
E8B,47.61354804,-67.17939049
E8C,48.05453657,-66.38095255
E8E,47.96934067,-66.3361659
E8G,47.89750599,-66.00431679
E8J,47.78312392,-65.73910335
E8K,47.6906332,-65.72393417
E8L,47.64358794,-65.20108562
E8M,47.79658206,-65.05263175
E8N,47.75542124,-65.00020378
E8P,47.66304524,-65.01544517
E8R,47.73176083,-64.7645759
E8S,47.7558976,-64.68564775
E8T,47.82983527,-64.61317243
E9A,47.05450925,-64.98623236
E9B,46.67380758,-65.92102531
E9C,46.55025581,-66.17521091
E9E,46.92659466,-65.83012626
E9G,47.28063449,-65.07880876
E9H,47.36931923,-64.99336567
G0A,47.05536821,-71.27914171
G0C,48.19145355,-65.45981478
G0E,49.18952949,-65.64647083
G0G,50.95432872,-62.30939963
G0H,49.18699407,-68.08872984
G0J,48.52230923,-67.46785525
G0K,48.27788646,-68.4045883
G0L,47.7843443,-69.21684834
G0M,46.00162074,-70.73237263
G0N,46.11277248,-71.27660932
G0P,46.02528713,-71.7773908
G0R,46.80286258,-70.44013505
G0S,46.47743057,-71.46638947
G0T,48.16625207,-69.66100728
G0V,48.38677505,-70.80977919
G0W,48.78745626,-72.36860482
G0X,46.67739577,-72.59741046
G0Y,45.62258635,-71.03607298
G0Z,46.16605454,-72.17934909
G1A,46.80973267,-71.22986074
G1B,46.89479161,-71.21871901
G1C,46.87535219,-71.20437487
G1E,46.85684527,-71.20846523
G1G,46.8734077,-71.2812945
G1H,46.85368359,-71.26644548
G1J,46.83673372,-71.22662208
G1K,46.81400093,-71.22818226
G1L,46.83127441,-71.24415924
G1M,46.81913758,-71.26946553
G1N,46.80874057,-71.2545774
G1P,46.8115899,-71.31043453
G1R,46.80982181,-71.22022004
G1S,46.79665678,-71.24693006
G1T,46.77981711,-71.26531301
G1V,46.78095887,-71.2847914
G1W,46.7700696,-71.28862189
G1X,46.77723365,-71.3289343
G1Y,46.76828029,-71.34590199
G2A,46.85529936,-71.35257493
G2B,46.84105804,-71.34606784
G2C,46.82798293,-71.32838122
G2E,46.8061976,-71.35708375
G2G,46.79681726,-71.36406706
G2J,46.84262244,-71.2814051
G2K,46.84698515,-71.30090544
G2L,46.87892501,-71.25827058
G2M,46.90120944,-71.30248075
G2N,46.88364107,-71.32482854
G3A,46.74190465,-71.43089605
G3B,46.95750542,-71.29682826
G3C,47.01294885,-71.37006835
G3E,46.86685286,-71.33111687
G3G,46.88038897,-71.35348327
G3H,46.76239973,-71.68431856
G3J,46.85772229,-71.43020784
G3K,46.8434189,-71.40023957
G3L,46.89334298,-71.82186151
G3M,46.67861626,-71.72634159
G3N,46.86326968,-71.6112529
G3S,46.82278551,-71.49606783
G3Z,47.46123064,-70.61095673
G4A,47.69467521,-70.22564617
G4R,50.216987,-66.37327509
G4S,50.25449585,-66.40509463
G4T,47.37348382,-61.8517838
G4V,49.13025149,-66.46956575
G4W,48.8511072,-67.53966415
G4X,48.87530185,-64.45082645
G4Z,49.21691662,-68.16908232
G5A,47.66548831,-70.14261233
G5B,50.02445832,-66.87794415
G5C,49.19376759,-68.27322979
G5H,48.58723721,-68.190684
G5J,48.46656221,-67.43075105
G5L,48.4448224,-68.53253514
G5M,48.49130834,-68.47536353
G5N,48.39993567,-68.50102247
G5R,47.8312229,-69.53227407
G5T,47.54844706,-68.64343742
G5V,46.9783701,-70.5566282
G5X,46.21009697,-70.77274966
G5Y,46.11575471,-70.66739725
G5Z,46.10608869,-70.67290144
G6A,46.13609974,-70.6723512
G6B,45.58012995,-70.88883395
G6C,46.7629868,-71.12015887
G6E,46.44441604,-71.02447237
G6G,46.10051416,-71.29740044
G6H,46.08034989,-71.33746333
G6J,46.65449989,-71.31036827
G6K,46.69236415,-71.29074673
G6L,46.20085104,-71.81580365
G6P,46.0552775,-71.95486974
G6R,46.03181127,-71.97289722
G6S,46.04612561,-71.91733302
G6T,46.07421155,-71.97448513
G6V,46.81090347,-71.16524321
G6W,46.76012028,-71.22132375
G6X,46.7169943,-71.26743207
G6Y,46.80391106,-71.1438468
G6Z,46.72120424,-71.20160913
G7A,46.69282832,-71.36681921
G7B,48.33036882,-70.88618855
G7G,48.44639763,-71.06860535
G7H,48.4145772,-71.05140277
G7J,48.41804826,-71.08653807
G7K,48.35222626,-71.14580129
G7N,48.32230452,-71.12150886
G7P,48.52240015,-71.29661288
G7S,48.41954833,-71.17665689
G7T,48.40311198,-71.19562508
G7X,48.41442002,-71.24507539
G7Y,48.38388578,-71.26730876
G7Z,48.42956374,-71.26618911
G8A,48.41358278,-71.26799187
G8B,48.55072524,-71.64694275
G8C,48.53665639,-71.65260488
G8E,48.61435628,-71.66667317
G8G,48.42058618,-71.85378929
G8H,48.5063145,-72.22417477
G8J,48.62131008,-72.40802722
G8K,48.65934637,-72.44109798
G8L,48.88080084,-72.21648369
G8M,48.85681959,-72.48160465
G8N,48.38907986,-71.67982802
G8P,49.91485706,-74.36918954
G8T,46.3767461,-72.52907441
G8V,46.39640131,-72.52306557
G8W,46.39612678,-72.58245417
G8Y,46.35875608,-72.60135958
G8Z,46.34701594,-72.56864153
G9A,46.34152533,-72.55468344
G9B,46.31432658,-72.62706682
G9C,46.38501118,-72.64963077
G9H,46.32884161,-72.40658834
G9N,46.5636313,-72.7417363
G9P,46.51913368,-72.74585785
G9R,46.5977638,-72.7945174
G9T,46.6156928,-72.69222792
G9X,47.42978449,-72.78185957
H0M,45.03265023,-74.55789427
H1A,45.67013001,-73.49948345
H1B,45.63982247,-73.50356537
H1C,45.65687685,-73.55830371
H1E,45.63766813,-73.58808406
H1G,45.60953354,-73.62458856
H1H,45.58922419,-73.64041858
H1J,45.61095828,-73.57549224
H1K,45.60743855,-73.54566805
H1L,45.60114851,-73.52109322
H1M,45.58727635,-73.55612866
H1N,45.57234881,-73.54253827
H1P,45.5954998,-73.59337786
H1R,45.58533483,-73.60670352
H1S,45.57932548,-73.58356496
H1T,45.57304871,-73.5713518
H1V,45.55310809,-73.54270893
H1W,45.54417604,-73.54874513
H1X,45.55566201,-73.57313555
H1Y,45.54882244,-73.57875854
H1Z,45.57213384,-73.61972403
H2A,45.55988018,-73.60014813
H2B,45.57389889,-73.65050479
H2C,45.55960702,-73.65921283
H2E,45.5515247,-73.61176594
H2G,45.54435666,-73.59262104
H2H,45.53637915,-73.5747404
H2J,45.529165,-73.5834622
H2K,45.52983869,-73.55664732
H2L,45.51751368,-73.567295
H2M,45.55218456,-73.64100543
H2N,45.53984019,-73.65129508
H2P,45.5434751,-73.63400676
H2R,45.54069046,-73.6205436
H2S,45.53497687,-73.60826776
H2T,45.52439694,-73.59368679
H2V,45.51872122,-73.60870711
H2W,45.51887995,-73.58150431
H2X,45.51432894,-73.57117307
H2Y,45.50462241,-73.56014245
H2Z,45.50695883,-73.5659092
H3A,45.50482361,-73.57513039
H3B,45.50269683,-73.57296637
H3C,45.49380138,-73.59520067
H3E,45.46202093,-73.54637296
H3G,45.49870588,-73.58635268
H3H,45.49536379,-73.58164549
H3J,45.48892937,-73.57145812
H3K,45.47984099,-73.5636391
H3L,45.54794208,-73.66973463
H3M,45.53886191,-73.69132049
H3N,45.53038294,-73.63131928
H3P,45.52155752,-73.63653052
H3R,45.51081496,-73.64812814
H3S,45.50648052,-73.62911016
H3T,45.50166831,-73.61962045
H3V,45.49507039,-73.61431697
H3W,45.49001714,-73.63299648
H3X,45.48167848,-73.6407625
H3Y,45.4873386,-73.6043135
H3Z,45.48302737,-73.59924999
H4A,45.47659544,-73.61478781
H4B,45.4660271,-73.6314383
H4C,45.4789243,-73.58679483
H4E,45.45710617,-73.59536675
H4G,45.46307808,-73.57041589
H4H,45.44632218,-73.58066598
H4J,45.5320914,-73.70912503
H4K,45.52504759,-73.72733598
H4L,45.51759795,-73.68406853
H4M,45.50192323,-73.68606024
H4N,45.52722366,-73.66650648
H4P,45.50073918,-73.6569817
H4R,45.50661965,-73.7078135
H4S,45.49291063,-73.743562
H4T,45.48496117,-73.69505377
H4V,45.46792234,-73.64829807
H4W,45.46754457,-73.66555218
H4X,45.45489152,-73.65163951
H4Y,45.47530991,-73.72033153
H4Z,45.51279542,-73.54618258
H5A,45.50483333,-73.562251
H5B,45.51845527,-73.58583064
H7A,45.6654715,-73.58696763
H7B,45.68123129,-73.63218408
H7C,45.61578816,-73.65010091
H7E,45.59621914,-73.6685994
H7G,45.57493457,-73.68303112
H7H,45.64119073,-73.75500964
H7J,45.67250079,-73.69714196
H7K,45.62135132,-73.73981274
H7L,45.60377025,-73.7776286
H7M,45.60063607,-73.71859091
H7N,45.56012603,-73.70406172
H7P,45.57885204,-73.80398569
H7R,45.55376395,-73.86138801
H7S,45.57405393,-73.72876138
H7T,45.55749103,-73.76723974
H7V,45.54741214,-73.73434798
H7W,45.53608785,-73.7585605
H7X,45.52717765,-73.80562943
H7Y,45.52444755,-73.84954764
H8N,45.43724199,-73.62061527
H8P,45.42577828,-73.6060258
H8R,45.43143503,-73.6459826
H8S,45.43907379,-73.67668164
H8T,45.4449906,-73.70635306
H8Y,45.50573711,-73.80132766
H8Z,45.5059416,-73.84240961
H9A,45.49613707,-73.82946392
H9B,45.49142293,-73.80085971
H9C,45.49990472,-73.87487077
H9E,45.48999695,-73.89273332
H9G,45.47566817,-73.83743593
H9H,45.47142548,-73.85853656
H9J,45.45408018,-73.87826685
H9K,45.45900391,-73.89990336
H9P,45.45722873,-73.76207349
H9R,45.45690676,-73.81045017
H9S,45.44202216,-73.77053947
H9W,45.430959,-73.86620817
H9X,45.4147657,-73.92933819
J0A,45.86046709,-71.94241717
J0B,45.35376986,-71.82974797
J0C,45.92319624,-72.54784239
J0E,45.30727438,-72.50592363
J0G,46.00413853,-72.84659115
J0H,45.66759221,-72.78716727
J0J,45.1704678,-73.15574086
J0K,46.18940595,-73.47240768
J0L,45.47091501,-73.37876078
J0M,57.98524894,-74.53653242
J0N,45.56382013,-73.94284883
J0P,45.34992502,-74.26736066
J0R,45.8852738,-74.15048557
J0S,45.1143868,-74.05024057
J0T,46.1186652,-74.52529537
J0V,45.74309309,-74.81123229
J0W,46.63923777,-75.55580619
J0X,45.83952301,-76.11910341
J0Y,48.88592902,-77.62151095
J0Z,48.10224196,-79.15303345
J1A,45.13508232,-71.80947423
J1C,45.44386045,-71.93938686
J1E,45.41712134,-71.87612313
J1G,45.40424981,-71.86230252
J1H,45.39220996,-71.89820765
J1J,45.40748983,-71.92091762
J1K,45.38633539,-71.93338855
J1L,45.4013084,-71.95454481
J1M,45.37239427,-71.86794229
J1N,45.37240402,-71.97980846
J1R,45.39250978,-72.00212962
J1S,45.57218833,-72.00470497
J1T,45.77405986,-71.93120402
J1X,45.28895078,-72.14967446
J1Z,45.93067459,-72.4524727
J2A,45.83357671,-72.41834654
J2B,45.86640893,-72.47728263
J2C,45.88756633,-72.50462833
J2E,45.90523837,-72.53271106
J2G,45.40415698,-72.73343058
J2H,45.41332639,-72.71395543
J2J,45.39847011,-72.76145571
J2K,45.21910187,-72.76051622
J2L,45.30251115,-72.67172953
J2M,45.36229118,-72.60292574
J2N,45.2894073,-73.07327307
J2R,45.64557687,-72.93799278
J2S,45.62406196,-72.95999838
J2T,45.62231418,-72.93768683
J2W,45.35777171,-73.28996882
J2X,45.30261008,-73.23659856
J2Y,45.32455312,-73.33606761
J3A,45.33710722,-73.27455226
J3B,45.30361739,-73.2668995
J3E,45.58321557,-73.33293846
J3G,45.56683559,-73.217047
J3H,45.55273501,-73.19295749
J3L,45.44573726,-73.28442643
J3M,45.43367229,-73.16214889
J3N,45.52554027,-73.29073659
J3P,46.03230091,-73.10388672
J3R,46.02666908,-73.14113237
J3T,46.23413088,-72.60851774
J3V,45.52830311,-73.34372498
J3X,45.67889595,-73.42192487
J3Y,45.48977813,-73.41978539
J3Z,45.4773893,-73.38758581
J4B,45.59996353,-73.44245333
J4G,45.56346867,-73.47685177
J4H,45.53591684,-73.50418312
J4J,45.53282392,-73.4825197
J4K,45.51785039,-73.49654
J4L,45.51908307,-73.46015693
J4M,45.53636613,-73.4482579
J4N,45.54965968,-73.4558048
J4P,45.50668269,-73.50782807
J4R,45.49423406,-73.50161104
J4S,45.48117123,-73.49400442
J4T,45.49709085,-73.46842414
J4V,45.48810053,-73.46871407
J4W,45.4678909,-73.48258623
J4X,45.44547425,-73.48334361
J4Y,45.446996,-73.45941565
J4Z,45.46622327,-73.44977368
J5A,45.37706437,-73.57593557
J5B,45.37875976,-73.54343827
J5C,45.40130631,-73.56413863
J5J,45.82831128,-73.94180119
J5K,45.75136284,-74.11676853
J5L,45.79267176,-74.06075277
J5M,45.85254448,-73.76079025
J5N,45.76004536,-73.81136368
J5R,45.40095052,-73.49761259
J5T,45.8947565,-73.29881286
J5V,46.25531524,-72.94550843
J5W,45.84135568,-73.41767616
J5X,45.85007858,-73.49759286
J5Y,45.77250142,-73.42538029
J5Z,45.74908632,-73.47641704
J6A,45.74125036,-73.45721468
J6E,46.03185981,-73.44460082
J6J,45.36985038,-73.74174875
J6K,45.35292128,-73.72982281
J6N,45.31476991,-73.85862173
J6R,45.31590993,-73.74175253
J6S,45.26108847,-74.12249106
J6T,45.24862859,-74.13173781
J6V,45.71548894,-73.52426345
J6W,45.70079944,-73.63173687
J6X,45.71600974,-73.67255041
J6Y,45.69124119,-73.75102115
J6Z,45.66871471,-73.77138597
J7A,45.63843108,-73.79645849
J7B,45.65746208,-73.81540653
J7C,45.67404993,-73.87830653
J7E,45.64355809,-73.84286863
J7G,45.61440845,-73.83334012
J7H,45.62611916,-73.8623126
J7J,45.70182433,-73.92638705
J7K,45.74731234,-73.60550382
J7L,45.74019058,-73.6560086
J7M,45.77456523,-73.72948345
J7N,45.6565465,-74.0458868
J7P,45.57312265,-73.87826108
J7R,45.55416888,-73.90756334
J7T,45.37524,-74.11367857
J7V,45.38711752,-73.99831154
J7W,45.37229947,-73.97067197
J7X,45.26917787,-74.22155563
J7Y,45.79126517,-74.01168997
J7Z,45.77593176,-73.99248621
J8A,45.91566112,-74.00288356
J8B,45.95716965,-74.13969139
J8C,46.04927168,-74.27910289
J8E,46.14731784,-74.59732355
J8G,45.6833302,-74.42783189
J8H,45.66025569,-74.34209196
J8L,45.57748678,-75.42179587
J8M,45.53590968,-75.48921783
J8N,45.67792633,-75.67720604
J8P,45.49038888,-75.63212352
J8R,45.51049104,-75.63130533
J8T,45.47704168,-75.70538877
J8V,45.51848232,-75.73774529
J8X,45.43728419,-75.71515252
J8Y,45.44643798,-75.73882777
J8Z,45.47084381,-75.75857714
J9A,45.43189021,-75.76152102
J9B,45.53561945,-75.8131529
J9E,46.37837376,-75.97273612
J9H,45.39913909,-75.82913337
J9J,45.42976112,-75.81912175
J9L,46.54859442,-75.50228312
J9P,48.09963883,-77.78945035
J9T,48.57222932,-78.1166376
J9V,47.33136247,-79.44243115
J9X,48.24013459,-79.01776852
J9Y,48.18331641,-79.05177012
J9Z,48.80090933,-79.20280305
K0A,45.27010146,-75.69670477
K0B,45.51097768,-74.70650942
K0C,45.15128155,-74.88922848
K0E,44.72390148,-75.70432474
K0G,44.86603244,-76.02049922
K0H,44.5959838,-76.7391676
K0J,45.63141837,-77.34332284
K0K,44.19465558,-77.44646887
K0L,44.57526552,-78.13146631
K0M,44.74990562,-78.72902952
K1A,45.41289258,-75.69824586
K1B,45.42280728,-75.59398767
K1C,45.46461071,-75.53096255
K1E,45.4734978,-75.50551126
K1G,45.39432596,-75.63473635
K1H,45.38790708,-75.65845398
K1J,45.44477676,-75.60833452
K1K,45.43774966,-75.64713818
K1L,45.43839897,-75.66154109
K1M,45.44555798,-75.67976619
K1N,45.42448963,-75.68781174
K1P,45.39132204,-75.74133377
K1R,45.41090814,-75.70618593
K1S,45.39994549,-75.68967924
K1T,45.34678902,-75.62768106
K1V,45.35002147,-75.67066657
K1W,45.43600658,-75.52665945
K1X,45.28825047,-75.63925732
K1Y,45.3981116,-75.73119906
K1Z,45.38581348,-75.73977567
K2A,45.37838909,-75.76389255
K2B,45.36210165,-75.78975957
K2C,45.35941274,-75.74030013
K2E,45.34801812,-75.7172745
K2G,45.33151452,-75.74679072
K2H,45.33215843,-75.8146033
K2J,45.27426253,-75.75285299
K2K,45.33497556,-75.91144845
K2L,45.30045553,-75.88798587
K2M,45.28866562,-75.8597326
K2P,45.41608822,-75.69102978
K2R,45.28032151,-75.80871026
K2S,45.26187871,-75.91763818
K2T,45.31517855,-75.92646369
K2V,45.28850518,-75.89910985
K2W,45.36175369,-75.96885055
K4A,45.46972015,-75.47822106
K4B,45.40512402,-75.3826707
K4C,45.49464244,-75.39308081
K4K,45.54365339,-75.2974049
K4M,45.22556437,-75.67586738
K4P,45.25236535,-75.57239366
K4R,45.25817631,-75.36017169
K6A,45.60400524,-74.60325523
K6H,45.0281199,-74.71468944
K6J,45.02335546,-74.74927519
K6K,45.06026468,-74.76794817
K6T,44.6062797,-75.76344906
K6V,44.59597488,-75.69378402
K7A,44.8991987,-76.01698657
K7C,45.14140048,-76.16930429
K7G,44.33017598,-76.1645754
K7H,44.90923269,-76.23993697
K7K,44.24792485,-76.48520542
K7L,44.23178258,-76.49586155
K7M,44.23814914,-76.55840754
K7N,44.22302699,-76.64660118
K7P,44.26213895,-76.56782008
K7R,44.24705419,-76.95495417
K7S,45.43417712,-76.35742196
K7V,45.46935769,-76.6879073
K8A,45.81268495,-77.1236352
K8B,45.80687051,-77.08871569
K8H,45.84785895,-77.29875876
K8N,44.16628736,-77.39082286
K8P,44.16998862,-77.39937891
K8R,44.14344282,-77.45417424
K8V,44.10655474,-77.57956106
K9A,43.96872472,-78.17383243
K9H,44.31751002,-78.32230697
K9J,44.29242509,-78.33129582
K9K,44.28674786,-78.36469447
K9L,44.3301395,-78.30066891
K9V,44.3578334,-78.74089361
L0A,44.11283542,-78.51007209
L0B,44.08431275,-78.80043979
L0C,44.18025033,-79.09980833
L0E,44.28305877,-79.30908062
L0G,44.0494453,-79.62875852
L0H,43.92103343,-79.18993114
L0J,43.831219,-79.6685725
L0K,44.67528632,-79.5399647
L0L,44.42979866,-79.73807805
L0M,44.34226023,-79.98792014
L0N,44.04456717,-80.16209249
L0P,43.59545475,-79.9332255
L0R,43.21744809,-79.7595624
L0S,43.02859474,-79.19382883
L1A,43.95441342,-78.31045686
L1B,43.96518369,-78.70116675
L1C,43.92221748,-78.69001036
L1E,43.90523679,-78.79362858
L1G,43.91652332,-78.86335615
L1H,43.90330488,-78.86248474
L1J,43.89521995,-78.90547479
L1K,43.93213898,-78.84519559
L1L,43.9483083,-78.89086697
L1M,43.9583818,-78.96285401
L1N,43.88142351,-78.93396336
L1P,43.89922847,-78.97329801
L1R,43.91240113,-78.93967059
L1S,43.84130332,-79.02188528
L1T,43.87072596,-79.04606021
L1V,43.83232755,-79.11114968
L1W,43.81823969,-79.09212993
L1X,43.86125843,-79.12275927
L1Y,43.956336,-79.08831925
L1Z,43.87267898,-79.01068313
L2A,42.90812738,-78.93608364
L2E,43.10432687,-79.08502878
L2G,43.07386154,-79.08727994
L2H,43.09021442,-79.12936709
L2J,43.12629639,-79.1056199
L2M,43.19602327,-79.21853271
L2N,43.19408778,-79.2509936
L2P,43.15384309,-79.21444809
L2R,43.16700919,-79.24398235
L2S,43.14642766,-79.25953622
L2T,43.13402347,-79.22615565
L2V,43.11639454,-79.20825655
L2W,43.16624659,-79.27689846
L3B,42.98311409,-79.24048438
L3C,43.00031706,-79.26405566
L3J,43.17011903,-79.46553021
L3K,42.89145476,-79.25431234
L3L,43.85834969,-79.5825694
L3M,43.19604226,-79.55844956
L3P,43.87988858,-79.2632204
L3R,43.84953105,-79.32582831
L3S,43.84344515,-79.27107519
L3T,43.82028995,-79.39590671
L3V,44.61180318,-79.40403732
L3X,44.04137477,-79.47431877
L3Y,44.05860286,-79.45808121
L3Z,44.10188157,-79.56412044
L4A,43.98986462,-79.28247982
L4B,43.85538615,-79.40075612
L4C,43.87057783,-79.4388591
L4E,43.93420335,-79.45526313
L4G,43.99761078,-79.46643162
L4H,43.82542011,-79.59521983
L4J,43.81011048,-79.45090964
L4K,43.80895994,-79.50685405
L4L,43.79290186,-79.57970989
L4M,44.39956315,-79.67396983
L4N,44.36902702,-79.69489512
L4P,44.2211165,-79.46450122
L4R,44.74730958,-79.88351315
L4S,43.92584419,-79.5248486
L4T,43.71608848,-79.64342662
L4V,43.6981035,-79.62002596
L4W,43.63561123,-79.61819604
L4X,43.61760551,-79.58130744
L4Y,43.6034758,-79.59398904
L4Z,43.61401392,-79.64705544
L5A,43.58713371,-79.60736744
L5B,43.57714469,-79.63045473
L5C,43.56353,-79.65055105
L5E,43.58398999,-79.56420896
L5G,43.56355655,-79.58276328
L5H,43.54080517,-79.61275545
L5J,43.51745955,-79.6323215
L5K,43.53008059,-79.66297803
L5L,43.53701151,-79.69232755
L5M,43.56777073,-79.71690069
L5N,43.58734064,-79.75617379
L5P,43.69038955,-79.623774
L5R,43.6040929,-79.66944418
L5S,43.68014736,-79.67417509
L5T,43.65619515,-79.6687738
L5V,43.59549154,-79.69151608
L5W,43.63253502,-79.71822262
L6A,43.86652253,-79.52711697
L6B,43.88063772,-79.24569238
L6C,43.88834942,-79.33645498
L6E,43.897791,-79.26811314
L6G,43.85033688,-79.33132012
L6H,43.47908375,-79.70249338
L6J,43.46861272,-79.65988696
L6K,43.43834516,-79.68561632
L6L,43.40730317,-79.71001936
L6M,43.44137109,-79.74084479
L6P,43.78242568,-79.6996938
L6R,43.77629598,-79.79955442
L6S,43.73351006,-79.7328072
L6T,43.71671045,-79.69961305
L6V,43.70395012,-79.76097968
L6W,43.67924844,-79.73606314
L6X,43.67969556,-79.78526785
L6Y,43.65807382,-79.75286819
L6Z,43.72626008,-79.79313608
L7A,43.70099432,-79.82629667
L7B,43.95041275,-79.55366697
L7C,43.79367298,-79.8711407
L7E,43.89325525,-79.75895161
L7G,43.64814515,-79.90936964
L7J,43.63176008,-80.03298261
L7K,43.87432092,-79.9998758
L7L,43.37468011,-79.7600845
L7M,43.37882966,-79.81394384
L7N,43.34719206,-79.77847323
L7P,43.35176435,-79.83822319
L7R,43.33596924,-79.79946458
L7S,43.32463931,-79.80740359
L7T,43.30997259,-79.84281684
L8B,43.34143847,-79.93895068
L8E,43.23257611,-79.71998504
L8G,43.21861285,-79.74665841
L8H,43.24757043,-79.79492293
L8J,43.18880733,-79.77030296
L8K,43.22728826,-79.79968587
L8L,43.25904434,-79.84452219
L8M,43.24628325,-79.83650039
L8N,43.25121912,-79.86219665
L8P,43.25355268,-79.88270526
L8R,43.26234532,-79.87463029
L8S,43.25777363,-79.91667332
L8T,43.22072592,-79.83030079
L8V,43.2278608,-79.84868675
L8W,43.20032865,-79.84937565
L9A,43.23044566,-79.86924777
L9B,43.20590125,-79.89598035
L9C,43.23125126,-79.90305965
L9E,43.65789503,-80.05402148
L9G,43.21999731,-79.98177339
L9H,43.27132634,-79.95668257
L9J,44.35007325,-79.67974232
L9K,43.22889343,-79.93972896
L9L,44.0935944,-78.9744748
L9M,44.77837,-79.94885123
L9N,44.10307815,-79.49344661
L9P,44.09483338,-79.14205119
L9R,44.15129802,-79.85229139
L9S,44.32751427,-79.57924768
L9T,43.51596745,-79.86924571
L9V,44.28717151,-81.37231341
L9W,43.91723677,-80.10575354
L9X,44.44400674,-79.7805948
L9Y,44.49257083,-80.2251763
L9Z,44.49455497,-80.04630476
M1B,43.80596826,-79.20636485
M1C,43.78735546,-79.15431878
M1E,43.7655735,-79.19034763
M1G,43.76829851,-79.21730935
M1H,43.76665849,-79.23857907
M1J,43.7462708,-79.23606428
M1K,43.72942737,-79.2634248
M1L,43.70856418,-79.28460087
M1M,43.72625053,-79.23158482
M1N,43.69589308,-79.26465296
M1P,43.75987548,-79.27038811
M1R,43.74780733,-79.30470507
M1S,43.79330521,-79.26988371
M1T,43.78143937,-79.30367468
M1V,43.81687119,-79.28219621
M1W,43.79960556,-79.32071267
M1X,43.82680039,-79.22269795
M2H,43.80133386,-79.35925969
M2J,43.78047746,-79.34880006
M2K,43.777389,-79.38298766
M2L,43.75302967,-79.38007257
M2M,43.79125532,-79.41103021
M2N,43.76833419,-79.40839838
M2P,43.74945417,-79.39871673
M2R,43.77835965,-79.44094994
M3A,43.75333877,-79.32836885
M3B,43.74503159,-79.35852431
M3C,43.72796073,-79.34387888
M3H,43.75157766,-79.44605106
M3J,43.76164551,-79.48914655
M3K,43.73367937,-79.46981689
M3L,43.73521466,-79.51002876
M3M,43.72946632,-79.49405325
M3N,43.7558716,-79.51865872
M4A,43.72762668,-79.31178233
M4B,43.70700647,-79.30673447
M4C,43.69052183,-79.31233928
M4E,43.67819081,-79.29509512
M4G,43.70729543,-79.36881987
M4H,43.70479259,-79.34627492
M4J,43.68582332,-79.33685048
M4K,43.68019148,-79.35134207
M4L,43.67069922,-79.3172673
M4M,43.6622523,-79.34420513
M4N,43.72660529,-79.39440928
M4P,43.71030028,-79.39035148
M4R,43.71815719,-79.4130084
M4S,43.70295368,-79.38776881
M4T,43.6887617,-79.38748496
M4V,43.68594921,-79.40285846
M4W,43.6771638,-79.38093815
M4X,43.66807429,-79.36962717
M4Y,43.6703013,-79.37893236
M5A,43.65591803,-79.36499019
M5B,43.65905441,-79.3787407
M5C,43.65172932,-79.374853
M5E,43.6490639,-79.37717352
M5G,43.65648795,-79.38658178
M5H,43.64967514,-79.38452606
M5J,43.64236748,-79.37935136
M5K,43.6478967,-79.40186381
M5L,43.6589536,-79.39846513
M5M,43.73169078,-79.41785801
M5N,43.71110272,-79.41875231
M5P,43.69635383,-79.41219288
M5R,43.67367,-79.40214081
M5S,43.66411737,-79.3991051
M5T,43.65343259,-79.39803099
M5V,43.64477621,-79.39613788
M5W,43.64803611,-79.37444181
M5X,43.64854489,-79.38173552
M6A,43.72260726,-79.44457276
M6B,43.7077905,-79.44434668
M6C,43.69143302,-79.43039694
M6E,43.68834019,-79.44909721
M6G,43.66796115,-79.42066636
M6H,43.66503415,-79.43642583
M6J,43.64889117,-79.41610943
M6K,43.64230033,-79.42809846
M6L,43.71335076,-79.48785667
M6M,43.69248424,-79.48034816
M6N,43.67588686,-79.47835518
M6P,43.66111898,-79.46170529
M6R,43.64681855,-79.44904405
M6S,43.65362961,-79.48380957
M7A,43.66497011,-79.38978797
M7R,43.63653207,-79.61637067
M7Y,43.664916,-79.31339654
M8V,43.60734134,-79.49934806
M8W,43.60069759,-79.53733193
M8X,43.65268229,-79.51024133
M8Y,43.63397962,-79.49735959
M8Z,43.62960412,-79.51770134
M9A,43.66552086,-79.52613517
M9B,43.65265156,-79.5521699
M9C,43.64499971,-79.57397721
M9L,43.75801374,-79.55935752
M9M,43.73469675,-79.53972055
M9N,43.70667248,-79.51641275
M9P,43.69292834,-79.53081067
M9R,43.68824251,-79.55626585
M9V,43.74252566,-79.58449427
M9W,43.7183478,-79.5796662
N0A,42.86890205,-80.04632363
N0B,43.5206558,-80.46657752
N0C,44.26533181,-80.47250735
N0E,42.89156732,-80.4191918
N0G,43.99892564,-81.03513371
N0H,44.58981631,-81.10535196
N0J,43.0186075,-80.68837024
N0K,43.49963156,-81.10957463
N0L,42.80417065,-81.35011918
N0M,43.31734094,-81.51151114
N0N,42.97525587,-82.11278022
N0P,42.40049048,-82.22871076
N0R,42.15275948,-82.79320948
N1A,42.90519428,-79.61658016
N1C,43.49754921,-80.23419275
N1E,43.56163116,-80.24334761
N1G,43.52043072,-80.23079096
N1H,43.53979415,-80.26130952
N1K,43.52985108,-80.29021494
N1L,43.51577188,-80.19216129
N1M,43.70556825,-80.3774597
N1P,43.34650161,-80.29059492
N1R,43.36503695,-80.30729051
N1S,43.35338879,-80.32856818
N1T,43.39191237,-80.2900068
N2A,43.44023411,-80.43227464
N2B,43.46005775,-80.45146881
N2C,43.42383921,-80.45346342
N2E,43.41214094,-80.49324142
N2G,43.44616412,-80.49004107
N2H,43.45562669,-80.48457834
N2J,43.47102495,-80.51291878
N2K,43.4949897,-80.4980943
N2L,43.47044074,-80.53945709
N2M,43.43790134,-80.50972413
N2N,43.42370231,-80.53877002
N2P,43.39997524,-80.42095278
N2R,43.3956949,-80.47211875
N2T,43.45341981,-80.56432481
N2V,43.49101126,-80.56043863
N2Z,44.17400965,-81.63235151
N3A,43.38501248,-80.69857193
N3B,43.59446963,-80.56321237
N3C,43.4288436,-80.30711173
N3E,43.42059974,-80.35687796
N3H,43.39557692,-80.35446397
N3L,43.19708716,-80.38253357
N3P,43.18442698,-80.23580469
N3R,43.16784402,-80.26891793
N3S,43.13907754,-80.24418809
N3T,43.14035197,-80.27186239
N3V,43.16408569,-80.29790209
N3W,43.09363739,-79.88857603
N3Y,42.83810107,-80.30540598
N4B,42.84850993,-80.4921729
N4G,42.86552115,-80.73067272
N4K,44.56975569,-80.94117142
N4L,44.60422779,-80.60091411
N4N,44.15138247,-81.02453127
N4S,43.13201395,-80.75087989
N4T,43.14882411,-80.73586049
N4V,43.11394467,-80.74127716
N4W,43.732951,-80.9530663
N4X,43.26996601,-81.1274757
N4Z,43.36542113,-80.98738998
N5A,43.36928417,-80.98019053
N5C,43.03783173,-80.8833051
N5H,42.77301762,-80.98443029
N5L,42.67760187,-81.20672152
N5P,42.78691727,-81.185095
N5R,42.76866357,-81.17948251
N5V,43.01056352,-81.17735211
N5W,42.99045171,-81.19462024
N5X,43.03491953,-81.25523208
N5Y,43.01335808,-81.22780833
N5Z,42.97046002,-81.2083546
N6A,42.99381747,-81.25357909
N6B,42.98409957,-81.23802321
N6C,42.96097328,-81.24328353
N6E,42.93337839,-81.22556404
N6G,43.00779435,-81.29959292
N6H,42.98091202,-81.29886239
N6J,42.9573632,-81.273251
N6K,42.95244526,-81.32519171
N6L,42.90154201,-81.25682402
N6M,42.96309273,-81.16250351
N6N,42.90743303,-81.19224968
N6P,42.91682186,-81.30101362
N7A,43.74062391,-81.70872878
N7G,42.95670153,-81.62335884
N7L,42.41403918,-82.19968123
N7M,42.39839404,-82.1782472
N7S,42.98656365,-82.36350406
N7T,42.97276479,-82.39069922
N7V,43.00070378,-82.39036586
N7W,42.97326806,-82.33132529
N7X,43.02247417,-82.31422494
N8A,42.59504454,-82.38705988
N8H,42.04599924,-82.59996051
N8M,42.17196751,-82.82347352
N8N,42.31257642,-82.8786422
N8P,42.32536189,-82.90991177
N8R,42.30621799,-82.91470061
N8S,42.33002763,-82.94827823
N8T,42.30532294,-82.95274981
N8V,42.26432616,-82.94797847
N8W,42.29087744,-82.98749722
N8X,42.29617326,-83.01815131
N8Y,42.31854312,-82.993447
N9A,42.31372961,-83.03098078
N9B,42.29922875,-83.05311624
N9C,42.29071998,-83.07038252
N9E,42.26541824,-83.02592569
N9G,42.24999685,-82.99697056
N9H,42.23825359,-83.03168722
N9J,42.23227576,-83.08529895
N9K,42.29687584,-82.88216029
N9V,42.10629605,-83.10287349
N9Y,42.04182011,-82.71955117
P0A,45.5616979,-79.3581536
P0B,45.14673949,-79.46887798
P0C,45.08059589,-79.75428343
P0E,44.84724341,-79.44467491
P0G,45.68521691,-80.22916179
P0H,46.30148337,-79.60784814
P0J,47.58340164,-79.90373603
P0K,48.32743818,-80.24929155
P0L,50.19610926,-81.99689764
P0M,46.83463489,-81.70049478
P0N,48.56104417,-81.11534208
P0P,45.92306179,-82.20831292
P0R,46.28366394,-83.35862719
P0S,47.31057495,-84.43463875
P0T,49.56634968,-88.59581653
P0V,51.52565254,-91.86267126
P0W,48.74143567,-94.03207281
P0X,49.66997107,-94.36990245
P1A,46.29124944,-79.43159217
P1B,46.31971871,-79.45899554
P1C,46.34095527,-79.43592852
P1H,45.32827059,-79.21732217
P1L,45.0437829,-79.31479401
P1P,44.92072468,-79.37178497
P2A,45.34862691,-80.02873429
P2B,46.36648966,-79.92600889
P2N,48.14854576,-80.03297518
P3A,46.51953176,-80.94526513
P3B,46.49263503,-80.95412445
P3C,46.49413689,-81.00599401
P3E,46.46699618,-80.99889759
P3G,46.4187399,-80.99111367
P3L,46.5567609,-80.87135698
P3N,46.60835684,-81.00619754
P3P,46.64830294,-80.96219459
P3Y,46.42389214,-81.13212658
P4N,48.47803609,-81.33689665
P4P,48.46383791,-81.36981246
P4R,48.47539388,-81.37654691
P5A,46.37783116,-82.65096322
P5E,46.25349839,-81.77329198
P5N,49.41667139,-82.41613625
P6A,46.5134888,-84.30215311
P6B,46.52479116,-84.31460161
P6C,46.53558416,-84.36755222
P7A,48.46010871,-89.19152813
P7B,48.43061073,-89.24495306
P7C,48.39100726,-89.26341133
P7E,48.37430439,-89.27736354
P7G,48.49305568,-89.28934688
P7J,48.32821268,-89.3711245
P7K,48.3714177,-89.3852589
P7L,48.17920949,-89.54829058
P8N,49.78079762,-92.83400878
P8T,50.09733861,-91.91325815
P9A,48.61200729,-93.39774244
P9N,49.77252341,-94.47958429
R0A,49.39758522,-96.70520421
R0B,55.09233109,-97.69165613
R0C,51.00149469,-97.70623587
R0E,50.24063996,-96.28321284
R0G,49.43910143,-97.89970165
R0H,50.11244268,-98.45274361
R0J,50.55373349,-100.1806705
R0K,49.58667565,-99.68439255
R0L,51.7261856,-100.4429463
R0M,49.77450107,-100.8989417
R1A,50.12552572,-96.92377133
R1B,50.08161566,-96.93379966
R1C,50.02077733,-96.96487687
R1N,49.97341521,-98.2924972
R2C,49.89904232,-97.00594824
R2E,49.97307648,-97.02494956
R2G,49.94180548,-97.06800159
R2H,49.88197162,-97.11817927
R2J,49.86552773,-97.07609084
R2K,49.92088431,-97.08534031
R2L,49.9083044,-97.1007325
R2M,49.84232652,-97.11184789
R2N,49.81138197,-97.09876622
R2P,49.95558804,-97.16727084
R2R,49.93633562,-97.2061449
R2V,49.94572527,-97.12325328
R2W,49.91947812,-97.13571038
R2X,49.93098367,-97.16667154
R2Y,49.89130907,-97.29911174
R3A,49.90252067,-97.14732752
R3B,49.89811846,-97.14081183
R3C,49.89271826,-97.14154369
R3E,49.90784383,-97.17531076
R3G,49.88626081,-97.175891
R3H,49.90263533,-97.20778069
R3J,49.88158218,-97.24113679
R3K,49.87504626,-97.29709217
R3L,49.86924708,-97.13685281
R3M,49.86596814,-97.16259615
R3N,49.86523405,-97.19510684
R3P,49.84770277,-97.20410403
R3R,49.85718641,-97.28564047
R3S,49.8340394,-97.26895614
R3T,49.81607728,-97.15436142
R3V,49.76930172,-97.1603642
R3W,49.90946195,-97.04341979
R3X,49.83388077,-97.05874376
R3Y,49.80941865,-97.19773813
R4A,50.00576668,-97.09831802
R4G,49.78326098,-97.30833341
R4H,49.87152871,-97.37997454
R4J,49.85188232,-97.39544879
R4K,49.84451957,-97.62372214
R4L,49.96401287,-97.63742794
R5A,49.71833787,-97.07372243
R5G,49.52471579,-96.69027813
R5H,49.66734433,-96.63920601
R5J,50.1449984,-94.42722089
R5K,50.35859819,-97.65275555
R5L,49.87308408,-96.60124514
R5M,49.99239024,-97.08358109
R5N,49.94558311,-96.8404913
R5P,49.89847682,-96.83555871
R5T,50.47000698,-97.04833638
R6M,49.19186652,-98.10436412
R6P,49.12066171,-97.96212693
R6T,49.16179985,-97.96692291
R6W,49.17911438,-97.93894456
R7A,49.84268204,-99.94225712
R7B,49.83913639,-99.97584342
R7C,49.81260862,-99.5481577
R7N,51.14986778,-100.0493899
R8A,54.76954905,-101.8572646
R8N,55.73727348,-97.86260013
R9A,53.8280897,-101.2670643
S0A,51.35453113,-102.913065
S0C,49.39091136,-103.0790959
S0E,52.91706411,-103.6506356
S0G,50.54115075,-104.067596
S0H,50.09718531,-106.2265513
S0J,54.07700142,-105.9657482
S0K,52.26562475,-106.2557603
S0L,51.53076586,-108.542417
S0M,53.78984668,-108.7473032
S0N,50.06171296,-108.5579386
S0P,55.21674124,-102.3281634
S2V,50.73119446,-104.9247644
S3N,51.21004738,-102.4662028
S4A,49.14299641,-102.9920726
S4H,49.66346148,-103.847214
S4L,50.49532714,-104.4361973
S4M,50.43030217,-104.7318778
S4N,50.45210784,-104.5680993
S4P,50.44795342,-104.6054201
S4R,50.4793866,-104.6244639
S4S,50.41626505,-104.6209366
S4T,50.458286,-104.6444139
S4V,50.43155713,-104.5471952
S4W,50.43363254,-104.6513411
S4X,50.49049083,-104.6709828
S4Y,50.47626829,-104.6883748
S4Z,50.45318949,-104.5378783
S6H,50.39403602,-105.5474861
S6J,50.41599249,-105.5405097
S6K,50.37874004,-105.5827278
S6V,53.19589375,-105.7464653
S6W,53.1801603,-105.7526113
S6X,53.19184917,-105.7035833
"340247    S7B
Name: First_3_Characters, dtype: object","340247    ""52.103309""
Name: Longitude, dtype: object","340247    ""-106.439435""
Name: Latitude, dtype: object"
S7C,51.814897,-106.4136873
S7H,52.11426045,-106.6204265
S7J,52.09841463,-106.626063
S7K,52.15676872,-106.6429995
S7L,52.1413902,-106.7032363
S7M,52.11966399,-106.7043749
S7N,52.13378947,-106.6110822
S7P,52.20095023,-106.6348507
S7R,52.18887994,-106.6990718
S7S,52.15595179,-106.5891471
S7T,52.07182924,-106.6447662
S7V,52.11020894,-106.566301
S7W,52.15601431,-106.5636528
S9A,52.77981729,-108.2942837
S9H,50.28698276,-107.7992486
S9V,53.27495167,-110.0055286
S9X,54.12755083,-108.4342061
T0A,54.23862914,-112.1041812
T0B,53.12051062,-111.7785307
T0C,52.6268752,-113.0768303
T0E,53.5741645,-115.2829097
T0G,54.84897122,-114.544184
T0H,56.13176821,-118.0778397
T0J,51.08606657,-111.9171643
T0K,49.53390008,-112.6689332
T0L,50.4393244,-113.8358543
T0M,51.84255634,-114.0087247
T0P,56.89699743,-111.1304456
T1A,50.03568206,-110.6817958
T1B,50.006859,-110.655794
T1C,50.05943786,-110.6797806
T1G,49.7893281,-112.1452965
T1H,49.71504922,-112.8168421
T1J,49.69224494,-112.8296385
T1K,49.67580561,-112.8326671
T1L,51.17907792,-115.5697529
T1M,49.72298162,-112.6170906
T1P,51.12785294,-113.377066
T1R,50.57280439,-111.8922988
T1S,50.64898405,-113.879665
T1V,50.58116399,-113.8743098
T1W,51.08459535,-115.349884
T1X,51.01591607,-113.8354774
T1Y,51.08114265,-113.9596914
T1Z,51.0937384,-113.8358562
T2A,51.05077933,-113.9641841
T2B,51.0251735,-113.9803857
T2C,50.98723931,-113.9950006
T2E,51.07103543,-114.039451
T2G,51.03628523,-114.0445671
T2H,50.99191784,-114.0586591
T2J,50.94210082,-114.0395498
T2K,51.10275442,-114.0727964
T2L,51.09035814,-114.120971
T2M,51.07070048,-114.0865236
T2N,51.05924774,-114.110971
T2P,51.04729063,-114.0701894
T2R,51.04140878,-114.0768108
T2S,51.02432913,-114.0722325
T2T,51.02683612,-114.1001073
T2V,50.98102891,-114.0962151
T2W,50.94855947,-114.1065371
T2X,50.89444893,-114.0102353
T2Y,50.91152975,-114.0948469
T2Z,50.92285325,-113.9749475
T3A,51.11869495,-114.1462336
T3B,51.09098011,-114.1894037
T3C,51.04423469,-114.1283948
T3E,51.02032438,-114.1358229
T3G,51.13401287,-114.1952742
T3H,51.04381146,-114.189551
T3J,51.11507662,-113.9541792
T3K,51.14552648,-114.0768627
T3L,51.12117425,-114.2355432
T3M,50.887161,-113.9634486
T3N,51.14564988,-113.9617683
T3P,51.17858216,-114.1069693
T3R,51.16163418,-114.1809304
T3S,50.95387056,-113.9263338
T3Z,51.06292234,-114.2979542
T4A,51.28005348,-113.9845503
T4B,51.28754596,-114.0334337
T4C,51.19400068,-114.4602098
T4E,52.22125108,-113.8183022
T4G,52.02604428,-113.9502134
T4H,51.79248049,-114.1135315
T4J,52.6786412,-113.581352
T4L,52.46858192,-113.7278856
T4M,51.82046615,-113.9320993
T4N,52.26633499,-113.8109297
T4P,52.29212946,-113.8135253
T4R,52.24954697,-113.7748763
T4S,52.29244022,-114.0497421
T4T,52.37783105,-114.9236698
T4V,53.01475971,-112.8346339
T4X,53.32548568,-113.4726634
T5A,53.59527314,-113.4167217
T5B,53.57053031,-113.4644571
T5C,53.59865344,-113.4556632
T5E,53.59617526,-113.4933253
T5G,53.56818696,-113.4975713
T5H,53.55179871,-113.4920255
T5J,53.54228975,-113.4964976
T5K,53.53704904,-113.5116366
T5L,53.58408989,-113.5476468
T5M,53.56032265,-113.5553728
T5N,53.54431179,-113.5571136
T5P,53.54399303,-113.5930006
T5R,53.51954327,-113.5827225
T5S,53.55582704,-113.6441819
T5T,53.51582672,-113.6422426
T5V,53.57855132,-113.5993008
T5W,53.57010401,-113.41438
T5X,53.61814439,-113.515708
T5Y,53.618198,-113.397196
T5Z,53.62335689,-113.4784856
T6A,53.54689761,-113.4317425
T6B,53.5197325,-113.4251201
T6C,53.52245874,-113.4590873
T6E,53.50614551,-113.4837918
T6G,53.51682579,-113.524241
T6H,53.49326308,-113.5316985
T6J,53.46342734,-113.5175066
T6K,53.46225151,-113.4516236
T6L,53.45830902,-113.4136465
T6M,53.48444524,-113.639199
T6N,53.45666288,-113.480654
T6P,53.50600897,-113.3740907
T6R,53.46329771,-113.5775358
T6S,53.56635663,-113.3408618
T6T,53.46624218,-113.3810336
T6V,53.60986772,-113.5521854
T6W,53.42247911,-113.5529313
T6X,53.42621382,-113.4578503
T6Y,53.51802876,-113.5586305
T7A,53.22569155,-114.9743799
T7E,53.59338686,-116.3679982
T7N,54.10885025,-114.3941518
T7P,54.15267643,-113.8569816
T7S,54.13699903,-115.6695028
T7V,53.40414541,-117.568565
T7X,53.55121664,-113.884041
T7Y,53.4720858,-113.9261366
T7Z,53.52571096,-114.0120046
T8A,53.52685797,-113.2927904
T8B,53.48000095,-113.2933713
T8C,53.47000968,-113.2023398
T8E,53.53194437,-113.116973
T8G,53.52394616,-113.0532019
T8H,53.55342759,-113.2810551
T8L,53.70366442,-113.2026652
T8N,53.63994772,-113.620451
T8R,53.78891228,-113.6356248
T8S,56.23536436,-117.2939886
T8T,53.74634385,-113.5665149
T8V,55.17153631,-118.794912
T8W,55.14563844,-118.8052956
T8X,55.18248841,-118.7697626
T9A,52.96936345,-113.3740738
T9C,53.49315854,-112.0462783
T9E,53.2744323,-113.5460025
T9G,53.35694275,-113.724919
T9H,56.70073781,-111.38324
T9J,56.70791591,-111.3708687
T9K,56.74273383,-111.4631292
T9M,54.43769702,-110.196646
T9N,54.26536516,-110.7355112
T9S,54.71861657,-113.3092334
T9V,53.27500193,-110.0181162
T9W,52.8356496,-110.8500739
T9X,53.35360589,-110.8430656
V0A,50.90391133,-116.4506351
V0B,49.542145,-115.9554157
V0C,56.61359126,-121.8874352
V0E,50.87361914,-119.3570155
V0G,49.66131775,-117.4983775
V0H,49.32407392,-119.283204
V0J,54.73139796,-125.6213109
V0K,51.31619272,-121.4417408
V0L,52.16024865,-123.2657901
V0M,49.29533812,-121.9861525
V0N,49.79166206,-124.1058668
V0P,50.18690368,-125.8271006
V0R,49.01396436,-124.1951891
V0S,48.5395695,-124.1760545
V0T,53.22312417,-129.8517355
V0V,54.173961,-130.0429869
V0W,59.58973933,-133.9436443
V0X,49.44613767,-120.7226682
V1A,49.67768973,-115.9782338
V1B,50.2505436,-119.2328441
V1C,49.50938521,-115.7646657
V1E,50.6946008,-119.2725336
V1G,55.75862581,-120.2393403
V1H,50.24071947,-119.3634943
V1J,56.24228305,-120.8388313
V1K,50.11846628,-120.7946891
V1L,49.4989212,-117.2779925
V1M,49.16744446,-122.6235746
V1N,49.30937407,-117.6503717
V1P,49.88035866,-119.3203277
V1R,49.09786107,-117.7072731
V1S,50.64647692,-120.3794593
V1T,50.26497392,-119.2698491
V1V,49.9267309,-119.4359303
V1W,49.83360044,-119.4720261
V1X,49.8942775,-119.3927989
V1Y,49.8840644,-119.4790899
V1Z,49.87856347,-119.5519902
V2A,49.48551225,-119.5834726
V2B,50.71594061,-120.3701968
V2C,50.66990688,-120.2852179
V2E,50.65540924,-120.3284024
V2G,52.13127523,-122.1368355
V2H,50.73130118,-120.2936214
V2J,52.97529744,-122.4881894
V2K,53.98025939,-122.7901203
V2L,53.9073151,-122.7493048
V2M,53.92090805,-122.7928083
V2N,53.86998233,-122.7689655
V2P,49.1724133,-121.9476783
V2R,49.11079444,-121.9767105
V2S,49.04719901,-122.2845039
V2T,49.04945374,-122.3400357
V2V,49.14543487,-122.3081683
V2W,49.1993683,-122.5212953
V2X,49.21932082,-122.6193535
V2Y,49.12984476,-122.6473682
V2Z,49.05878384,-122.6008056
V3A,49.08820839,-122.6560605
V3B,49.27683369,-122.7661224
V3C,49.25441681,-122.7861501
V3E,49.30028869,-122.7869548
V3G,49.06150929,-122.2091898
V3H,49.28557436,-122.853644
V3J,49.25979647,-122.8661465
V3K,49.24124999,-122.8551665
V3L,49.21913222,-122.9052015
V3M,49.19988667,-122.9338792
V3N,49.22281242,-122.9331911
V3R,49.18993612,-122.8161156
V3S,49.11600279,-122.767681
V3T,49.19002412,-122.849917
V3V,49.17937704,-122.871666
V3W,49.13741501,-122.8566099
V3X,49.10987749,-122.8577855
V3Y,49.22209719,-122.687411
V3Z,49.19549601,-122.6530215
V4A,49.03658193,-122.8326144
V4B,49.02521466,-122.8024578
V4C,49.15478829,-122.9086117
V4E,49.12389711,-122.9039647
V4G,49.13797753,-123.0048466
V4K,49.09126886,-123.0716202
V4L,49.02146794,-123.0587703
V4M,49.01865968,-123.0818633
V4N,49.16981281,-122.7527431
V4P,49.0563996,-122.8259824
V4R,49.22922278,-122.5659779
V4S,49.17924243,-122.3654951
V4T,49.84508655,-119.6248459
V4V,50.05406701,-119.4061566
V4W,49.06710321,-122.4959748
V4X,49.07258808,-122.4070309
V4Z,49.12228341,-121.8442404
V5A,49.26463171,-122.9412568
V5B,49.27416012,-122.9774557
V5C,49.27653281,-123.0079254
V5E,49.22657232,-122.9573557
V5G,49.247354,-123.0008962
V5H,49.23024565,-122.9985209
V5J,49.21340759,-122.9956435
V5K,49.27931967,-123.041039
V5L,49.27804547,-123.0654483
V5M,49.25978432,-123.0421905
V5N,49.2557782,-123.0666897
V5P,49.22387455,-123.0678947
V5R,49.2399725,-123.0403418
V5S,49.21968756,-123.0415611
V5T,49.26172646,-123.0932771
V5V,49.24893881,-123.0907318
V5W,49.23257701,-123.0918319
V5X,49.21697472,-123.0950198
V5Y,49.25139678,-123.1100756
V5Z,49.25164818,-123.1192755
V6A,49.2788337,-123.0911824
V6B,49.27946808,-123.112478
V6C,49.28551548,-123.1165401
V6E,49.28386611,-123.1275872
V6G,49.28884182,-123.1356316
V6H,49.25674192,-123.1308504
V6J,49.25862553,-123.1399887
V6K,49.26507138,-123.1620905
V6L,49.25026036,-123.1624517
V6M,49.23450325,-123.1460831
V6N,49.23413936,-123.1792307
V6P,49.21645598,-123.1342129
V6R,49.26521552,-123.1952329
V6S,49.25031939,-123.1878502
V6T,49.26782418,-123.2390053
V6V,49.18485124,-123.0519066
V6W,49.15227985,-123.0500656
V6X,49.18318983,-123.1190062
V6Y,49.15863465,-123.1295352
V6Z,49.27709496,-123.125321
V7A,49.13902408,-123.1181587
V7B,49.19115314,-123.1588486
V7C,49.15981001,-123.1692158
V7E,49.13508431,-123.1736544
V7G,49.31787008,-122.9563957
V7H,49.31805972,-122.9971836
V7J,49.32473068,-123.0339278
V7K,49.34391179,-123.0387648
V7L,49.31755116,-123.0613709
V7M,49.32127038,-123.0799707
V7N,49.34040185,-123.073826
V7P,49.32335976,-123.1097652
V7R,49.34832398,-123.0994658
V7S,49.35053992,-123.1554165
V7T,49.32847933,-123.1449343
V7V,49.33776696,-123.1838811
V7W,49.35690609,-123.2636465
V7X,49.25953943,-123.1121001
V7Y,49.28184011,-123.1239222
V7Z,49.47244115,-123.7896274
V8A,49.84496044,-124.5214864
V8B,49.71377449,-123.141509
V8C,54.05759853,-128.6481481
V8E,49.4015316,-123.2267051
V8G,54.5157488,-128.5828378
V8J,54.3131768,-130.3149491
V8K,48.84941223,-123.5026734
V8L,48.64705549,-123.4150152
V8M,48.58216423,-123.4284129
V8N,48.47607556,-123.3161433
V8P,48.45832085,-123.33548
V8R,48.43620039,-123.323168
V8S,48.41813509,-123.3260027
V8T,48.43815911,-123.3563114
V8V,48.41760232,-123.363557
V8W,48.43646114,-123.3645683
V8X,48.47054745,-123.3677587
V8Y,48.51595143,-123.3726495
V8Z,48.47988421,-123.3976502
V9A,48.43782421,-123.4007529
V9B,48.45427763,-123.4857975
V9C,48.42252913,-123.488573
V9E,48.51636146,-123.4338059
V9G,49.00091965,-123.8171384
V9H,49.95042623,-125.2151969
V9J,49.79221008,-125.0761659
V9K,49.34746994,-124.4708012
V9L,48.78488776,-123.7013287
V9M,49.68336435,-124.9243713
V9N,49.68727588,-124.9898993
V9P,49.31478612,-124.3008101
V9R,49.15786085,-123.9498246
V9S,49.18619059,-123.9655227
V9T,49.21374442,-124.0039091
V9V,49.23943777,-124.02531
V9W,50.00512137,-125.2462458
V9X,49.10015096,-123.8829915
V9Y,49.25054004,-124.809124
V9Z,48.38393237,-123.7012205
X0A,68.45890055,-76.6785431
X0B,68.6354787,-100.6062519
X0C,63.50416179,-90.72179236
X0E,63.62216252,-121.0605307
X0G,60.24513,-123.442299
X1A,62.44974872,-114.3849925
Y0A,60.15596655,-131.0068513
Y0B,62.13916623,-136.435703
Y1A,60.72895033,-135.0800735